vendor,blank_name,station,station_in_from_tail,rocker_in,thickness_in,width_in,length_in,deck_length_in,volume_l,catalog_slug,pdf_page,flag
Arctic Foam,"5'8"" SB",T0,0,1.875,1.125,7.5,69.312,,36.37,58SB,1,
Arctic Foam,"5'8"" SB",T12,12,0.8125,2.0,15.875,69.312,,36.37,58SB,1,
Arctic Foam,"5'8"" SB",C,34.656,0.0,2.625,20.25,69.312,,36.37,58SB,1,
Arctic Foam,"5'8"" SB",N12,57.312,1.5,1.9375,15.125,69.312,,36.37,58SB,1,
Arctic Foam,"5'8"" SB",N0,69.312,4.875,1.125,4.25,69.312,,36.37,58SB,1,
Arctic Foam,"6'0"" SB",T0,0,2.0625,1.125,8.0,72,,42.24,60SB,2,
Arctic Foam,"6'0"" SB",T12,12,0.875,2.1875,16.625,72,,42.24,60SB,2,
Arctic Foam,"6'0"" SB",C,36.0,0.0,2.8125,21.375,72,,42.24,60SB,2,
Arctic Foam,"6'0"" SB",N12,60,1.3125,2.125,14.3125,72,,42.24,60SB,2,
Arctic Foam,"6'0"" SB",N0,72,4.4375,1.0,4.0,72,,42.24,60SB,2,"rocker: catalog cm (11.59 cm = 4.563 in) disagrees with inch (4 7/16""); used inch"
Arctic Foam,"6'1"" SBF",T0,0,2.125,1.25,8.875,73.812,,51.31,61SBF,3,
Arctic Foam,"6'1"" SBF",T12,12,0.9375,2.3125,16.9375,73.812,,51.31,61SBF,3,
Arctic Foam,"6'1"" SBF",C,36.906,0.0,3.125,21.6875,73.812,,51.31,61SBF,3,
Arctic Foam,"6'1"" SBF",N12,61.812,1.625,2.25,15.75,73.812,,51.31,61SBF,3,
Arctic Foam,"6'1"" SBF",N0,73.812,5.0,1.25,4.5625,73.812,,51.31,61SBF,3,"width: catalog cm (14.13 cm = 5.563 in) disagrees with inch (4 9/16""); used inch"
Arctic Foam,"6'1"" SBP",T0,0,1.9375,1.125,7.5,73.75,,38.27,61SBP,4,
Arctic Foam,"6'1"" SBP",T12,12,0.875,2.0625,15.375,73.75,,38.27,61SBP,4,
Arctic Foam,"6'1"" SBP",C,36.875,0.0,2.75,20.0625,73.75,,38.27,61SBP,4,
Arctic Foam,"6'1"" SBP",N12,61.75,1.875,1.8125,14.875,73.75,,38.27,61SBP,4,
Arctic Foam,"6'1"" SBP",N0,73.75,5.25,0.9375,4.0,73.75,,38.27,61SBP,4,
Arctic Foam,"6'4"" SBF",T0,0,2.375,1.5625,8.9375,77.5,,54.61,64SBF,5,"width: catalog cm (25.24 cm = 9.937 in) disagrees with inch (8 15/16""); used inch"
Arctic Foam,"6'4"" SBF",T12,12,1.0625,2.375,16.625,77.5,,54.61,64SBF,5,
Arctic Foam,"6'4"" SBF",C,38.75,0.0,3.125,21.875,77.5,,54.61,64SBF,5,
Arctic Foam,"6'4"" SBF",N12,65.5,1.75,2.1875,15.5625,77.5,,54.61,64SBF,5,
Arctic Foam,"6'4"" SBF",N0,77.5,5.125,1.25,5.0,77.5,,54.61,64SBF,5,
Arctic Foam,"6'4"" SBM",T0,0,2.6875,1.125,8.0,75.875,,46.24,64SBM,6,"rocker: catalog cm (7.14 cm = 2.811 in) disagrees with inch (2 11/16""); used inch"
Arctic Foam,"6'4"" SBM",T12,12,1.25,2.0625,16.25,75.875,,46.24,64SBM,6,
Arctic Foam,"6'4"" SBM",C,37.938,0.0,2.9375,21.5,75.875,,46.24,64SBM,6,
Arctic Foam,"6'4"" SBM",N12,63.875,1.5625,2.0625,13.8125,75.875,,46.24,64SBM,6,
Arctic Foam,"6'4"" SBM",N0,75.875,5.0625,1.125,4.0,75.875,,46.24,64SBM,6,
Arctic Foam,"6'8"" SBF",T0,0,2.5625,1.5,8.4375,81,,59.5,68SBF,7,
Arctic Foam,"6'8"" SBF",T12,12,1.25,2.4375,16.5625,81,,59.5,68SBF,7,
Arctic Foam,"6'8"" SBF",C,40.5,0.0,3.4375,21.8125,81,,59.5,68SBF,7,
Arctic Foam,"6'8"" SBF",N12,69,1.9375,2.3125,15.375,81,,59.5,68SBF,7,
Arctic Foam,"6'8"" SBF",N0,81,5.1875,1.3125,4.5,81,,59.5,68SBF,7,
Arctic Foam,"6'8"" SBM",T0,0,2.3125,1.1875,8.0,80,,49.31,68SBM,8,
Arctic Foam,"6'8"" SBM",T12,12,1.125,2.1875,16.5,80,,49.31,68SBM,8,
Arctic Foam,"6'8"" SBM",C,40.0,0.0,3.0625,21.5,80,,49.31,68SBM,8,
Arctic Foam,"6'8"" SBM",N12,68,1.5,2.0,13.75,80,,49.31,68SBM,8,
Arctic Foam,"6'8"" SBM",N0,80,4.8125,1.0,4.0,80,,49.31,68SBM,8,
Arctic Foam,"7'0"" SB",T0,0,2.3125,1.0625,8.0,84,,56.13,70SB,9,"thickness: catalog cm (2.86 cm = 1.126 in) disagrees with inch (1 1/16""); used inch"
Arctic Foam,"7'0"" SB",T12,12,1.125,2.125,16.375,84,,56.13,70SB,9,
Arctic Foam,"7'0"" SB",C,42.0,0.0,3.25,21.875,84,,56.13,70SB,9,
Arctic Foam,"7'0"" SB",N12,72,2.0625,2.125,14.0,84,,56.13,70SB,9,
Arctic Foam,"7'0"" SB",N0,84,5.4375,1.0,4.0,84,,56.13,70SB,9,
Arctic Foam,"7'3"" SBF",T0,0,2.5625,1.625,9.75,87,,77.17,73SBF,10,
Arctic Foam,"7'3"" SBF",T12,12,1.25,2.5,17.5,87,,77.17,73SBF,10,
Arctic Foam,"7'3"" SBF",C,43.5,0.0,3.75,23.5,87,,77.17,73SBF,10,
Arctic Foam,"7'3"" SBF",N12,75,2.25,2.625,16.8125,87,,77.17,73SBF,10,
Arctic Foam,"7'3"" SBF",N0,87,5.5625,1.5,5.0625,87,,77.17,73SBF,10,
Arctic Foam,"7'4"" SB",T0,0,2.4375,1.125,8.0,87.5,,62.12,74SB,11,
Arctic Foam,"7'4"" SB",T12,12,1.3125,2.1875,16.5,87.5,,62.12,74SB,11,
Arctic Foam,"7'4"" SB",C,43.75,0.0,3.3125,22.5,87.5,,62.12,74SB,11,
Arctic Foam,"7'4"" SB",N12,75.5,2.125,2.1875,14.3125,87.5,,62.12,74SB,11,
Arctic Foam,"7'4"" SB",N0,87.5,5.4375,1.125,4.0,87.5,,62.12,74SB,11,
Arctic Foam,"7'9"" SBF",T0,0,2.75,1.75,10.125,94,,95.86,79SBF,12,"thickness: catalog cm (4.57 cm = 1.799 in) disagrees with inch (1 3/4""); used inch"
Arctic Foam,"7'9"" SBF",T12,12,1.0625,2.1875,18.0,94,,95.86,79SBF,12,
Arctic Foam,"7'9"" SBF",C,47.0,0.0,4.125,25.0,94,,95.86,79SBF,12,
Arctic Foam,"7'9"" SBF",N12,82,2.5625,2.3125,16.9375,94,,95.86,79SBF,12,"width: catalog cm (42.7 cm = 16.811 in) disagrees with inch (16 15/16”); used inch; thickness: catalog cm (6.67 cm = 2.626 in) disagrees with inch (2 5/16""); used inch"
Arctic Foam,"7'9"" SBF",N0,94,5.9375,1.75,5.0625,94,,95.86,79SBF,12,
Arctic Foam,"8'0"" SB",T0,0,2.3125,1.1875,8.0,92.75,,73.84,80SB,13,
Arctic Foam,"8'0"" SB",T12,12,1.25,2.25,16.6875,92.75,,73.84,80SB,13,
Arctic Foam,"8'0"" SB",C,46.375,0.0,3.625,23.0,92.75,,73.84,80SB,13,
Arctic Foam,"8'0"" SB",N12,80.75,2.125,2.375,14.5,92.75,,73.84,80SB,13,
Arctic Foam,"8'0"" SB",N0,92.75,5.25,1.1875,4.0,92.75,,73.84,80SB,13,
Arctic Foam,"5'10"" MF",T0,0,2.0625,1.5,12.125,70.875,,51.46,510MF,14,
Arctic Foam,"5'10"" MF",T12,12,0.875,2.375,18.5,70.875,,51.46,510MF,14,
Arctic Foam,"5'10"" MF",C,35.438,0.0,2.9375,23.0,70.875,,51.46,510MF,14,
Arctic Foam,"5'10"" MF",N12,58.875,1.0625,2.1875,18.6875,70.875,,51.46,510MF,14,
Arctic Foam,"5'10"" MF",N0,70.875,3.375,1.25,8.25,70.875,,51.46,510MF,14,
Arctic Foam,"6'2"" F",T0,0,2.25,0.625,0.0625,74.125,,58.39,62F,15,
Arctic Foam,"6'2"" F",T12,12,1.0,2.1875,20.0625,74.125,,58.39,62F,15,
Arctic Foam,"6'2"" F",C,37.062,0.0,3.1875,25.0,74.125,,58.39,62F,15,
Arctic Foam,"6'2"" F",N12,62.125,1.25,2.1875,20.0,74.125,,58.39,62F,15,
Arctic Foam,"6'2"" F",N0,74.125,4.625,0.5625,0.0625,74.125,,58.39,62F,15,
Arctic Foam,"6'2"" MF",T0,0,2.0,1.5,12.375,75,,58.8,62MF,16,
Arctic Foam,"6'2"" MF",T12,12,0.9375,2.5,18.5625,75,,58.8,62MF,16,"rocker: catalog cm (0.94 cm = 0.370 in) disagrees with inch (15/16""); used inch"
Arctic Foam,"6'2"" MF",C,37.5,0.0,3.125,23.4375,75,,58.8,62MF,16,
Arctic Foam,"6'2"" MF",N12,63,1.0625,2.25,18.6875,75,,58.8,62MF,16,
Arctic Foam,"6'2"" MF",N0,75,3.0625,1.4375,8.9375,75,,58.8,62MF,16,
Arctic Foam,"6'4"" MF",T0,0,1.75,1.5,12.5,77.25,,67.44,64MF,17,
Arctic Foam,"6'4"" MF",T12,12,0.8125,2.625,18.75,77.25,,67.44,64MF,17,
Arctic Foam,"6'4"" MF",C,38.625,0.0,3.3125,23.75,77.25,,67.44,64MF,17,
Arctic Foam,"6'4"" MF",N12,65.25,1.4375,2.4375,18.6875,77.25,,67.44,64MF,17,
Arctic Foam,"6'4"" MF",N0,77.25,4.0,1.375,9.0,77.25,,67.44,64MF,17,
Arctic Foam,"6'8"" F",T0,0,2.25,0.625,0.0625,80.5,,65.87,68F,18,
Arctic Foam,"6'8"" F",T12,12,1.0625,2.1875,20.0625,80.5,,65.87,68F,18,
Arctic Foam,"6'8"" F",C,40.25,0.0,3.3125,25.125,80.5,,65.87,68F,18,
Arctic Foam,"6'8"" F",N12,68.5,1.4375,2.125,20.0625,80.5,,65.87,68F,18,
Arctic Foam,"6'8"" F",N0,80.5,4.625,0.5625,0.0625,80.5,,65.87,68F,18,
Arctic Foam,"6'8"" MF",T0,0,2.0625,1.875,12.5,80.75,,79.5,68MF,19,
Arctic Foam,"6'8"" MF",T12,12,1.0625,2.75,18.625,80.75,,79.5,68MF,19,
Arctic Foam,"6'8"" MF",C,40.375,0.0,3.625,24.0625,80.75,,79.5,68MF,19,
Arctic Foam,"6'8"" MF",N12,68.75,1.4375,2.625,18.4375,80.75,,79.5,68MF,19,
Arctic Foam,"6'8"" MF",N0,80.75,3.875,1.625,7.75,80.75,,79.5,68MF,19,"width: catalog cm (18.67 cm = 7.350 in) disagrees with inch (7 3/4""); used inch"
Arctic Foam,"7'2"" F",T0,0,2.875,1.0,0.0625,86.625,,74.06,72F,20,
Arctic Foam,"7'2"" F",T12,12,1.6875,2.375,20.5625,86.625,,74.06,72F,20,
Arctic Foam,"7'2"" F",C,43.312,0.0,3.375,26.1875,86.625,,74.06,72F,20,
Arctic Foam,"7'2"" F",N12,74.625,1.3125,2.3125,20.5625,86.625,,74.06,72F,20,
Arctic Foam,"7'2"" F",N0,86.625,4.9375,0.6875,0.0625,86.625,,74.06,72F,20,
Arctic Foam,"7'2"" MF",T0,0,2.1875,1.625,12.375,87.875,,86.3,72MF,21,
Arctic Foam,"7'2"" MF",T12,12,1.1875,2.75,18.75,87.875,,86.3,72MF,21,
Arctic Foam,"7'2"" MF",C,43.938,0.0,3.6875,24.1875,87.875,,86.3,72MF,21,
Arctic Foam,"7'2"" MF",N12,75.875,1.6875,2.75,17.9375,87.875,,86.3,72MF,21,
Arctic Foam,"7'2"" MF",N0,87.875,4.25,1.5,7.75,87.875,,86.3,72MF,21,
Arctic Foam,"7'8"" E",T0,0,2.5,1.4375,8.0,92.75,,82.0,78E,22,
Arctic Foam,"7'8"" E",T12,12,1.375,2.4375,17.625,92.75,,82.0,78E,22,
Arctic Foam,"7'8"" E",C,46.375,0.0,3.625,24.375,92.75,,82.0,78E,22,
Arctic Foam,"7'8"" E",N12,80.75,2.375,2.5,20.0,92.75,,82.0,78E,22,
Arctic Foam,"7'8"" E",N3,89.75,,,12.0,92.75,,82.0,78E,22,"width measured 3"" back from the nose tip (catalog ""@ 3"")"
Arctic Foam,"7'8"" E",N0,92.75,5.875,1.5,0.0,92.75,,82.0,78E,22,"width 0: rounded nose, not printed in catalog"
Arctic Foam,"8'2"" E",T0,0,2.5,1.375,8.0,97.875,,92.82,82E,23,
Arctic Foam,"8'2"" E",T12,12,1.375,2.375,17.75,97.875,,92.82,82E,23,
Arctic Foam,"8'2"" E",C,48.938,0.0,3.75,25.0,97.875,,92.82,82E,23,
Arctic Foam,"8'2"" E",N12,85.875,2.5,2.4375,19.625,97.875,,92.82,82E,23,
Arctic Foam,"8'2"" E",N3,94.875,,,11.0,97.875,,92.82,82E,23,"width measured 3"" back from the nose tip (catalog ""@ 3"")"
Arctic Foam,"8'2"" E",N0,97.875,5.875,1.375,0.0,97.875,,92.82,82E,23,"width 0: rounded nose, not printed in catalog"
Arctic Foam,"8'8"" E",T0,0,2.5,1.5,8.0,103.875,,104.58,88E,24,
Arctic Foam,"8'8"" E",T12,12,1.4375,2.5,18.0,103.875,,104.58,88E,24,
Arctic Foam,"8'8"" E",C,51.938,0.0,3.8125,25.5,103.875,,104.58,88E,24,
Arctic Foam,"8'8"" E",N12,91.875,2.625,2.5,19.75,103.875,,104.58,88E,24,
Arctic Foam,"8'8"" E",N3,100.875,,,10.3125,103.875,,104.58,88E,24,"width measured 3"" back from the nose tip (catalog ""@ 3"")"
Arctic Foam,"8'8"" E",N0,103.875,5.875,1.5,0.0,103.875,,104.58,88E,24,"width 0: rounded nose, not printed in catalog"
Arctic Foam,"9'3"" LB",T0,0,3.5,1.625,8.875,111.25,,111.3,93LB,25,rocker: catalog cm (3.89 cm = 1.531 in) disagrees with inch (3 1/2”); used inch
Arctic Foam,"9'3"" LB",T12,12,1.875,2.625,17.125,111.25,,111.3,93LB,25,
Arctic Foam,"9'3"" LB",C,55.625,0.0,3.625,24.75,111.25,,111.3,93LB,25,
Arctic Foam,"9'3"" LB",N12,99.25,2.0,2.5,20.75,111.25,,111.3,93LB,25,
Arctic Foam,"9'3"" LB",N3,108.25,,,13.6875,111.25,,111.3,93LB,25,"width measured 3"" back from the nose tip (catalog ""@ 3"")"
Arctic Foam,"9'3"" LB",N0,111.25,4.5,1.625,0.0,111.25,,111.3,93LB,25,"width 0: rounded nose, not printed in catalog"
Arctic Foam,"9'9"" LB",T0,0,3.625,1.6875,8.875,117.125,,125.57,99LB,26,
Arctic Foam,"9'9"" LB",T12,12,2.0625,2.5625,17.0625,117.125,,125.57,99LB,26,
Arctic Foam,"9'9"" LB",C,58.562,0.0,3.9375,24.9375,117.125,,125.57,99LB,26,
Arctic Foam,"9'9"" LB",N12,105.125,2.25,2.5625,20.8125,117.125,,125.57,99LB,26,
Arctic Foam,"9'9"" LB",N3,114.125,,,14.25,117.125,,125.57,99LB,26,"width measured 3"" back from the nose tip (catalog ""@ 3"")"
Arctic Foam,"9'9"" LB",N0,117.125,4.6875,1.5625,0.0,117.125,,125.57,99LB,26,"width 0: rounded nose, not printed in catalog"
Arctic Foam,"10'2"" LB",T0,0,4.15,1.508,9.248,122.5,,123.33,102LB,27,
Arctic Foam,"10'2"" LB",T12,12,2.5,2.3125,17.2,122.5,,123.33,102LB,27,width: catalog cm (39.16 cm = 15.417 in) disagrees with inch (17 1/5”); used inch; thickness: catalog cm (5.31 cm = 2.091 in) disagrees with inch (2 5/16”); used inch; rocker: catalog cm (7.47 cm = 2.941 in) disagrees with inch (2 1/2”); used inch
Arctic Foam,"10'2"" LB",C,61.25,0.0,3.618,25.157,122.5,,123.33,102LB,27,
Arctic Foam,"10'2"" LB",N12,110.5,1.75,2.375,20.8125,122.5,,123.33,102LB,27,width: catalog cm (48.11 cm = 18.941 in) disagrees with inch (20 13/16”); used inch; thickness: catalog cm (5.35 cm = 2.106 in) disagrees with inch (2 3/8”); used inch; rocker: catalog cm (5.56 cm = 2.189 in) disagrees with inch (1 3/4”); used inch
Arctic Foam,"10'2"" LB",N3,119.5,,,14.0625,122.5,,123.33,102LB,27,"width measured 3"" back from the nose tip (catalog ""@ 3""); width: catalog cm (30.65 cm = 12.067 in) disagrees with inch (14 1/16”); used inch"
Arctic Foam,"10'2"" LB",N0,122.5,3.268,1.433,0.0,122.5,,123.33,102LB,27,"width 0: rounded nose, not printed in catalog"
Arctic Foam,"10'3"" LB",T0,0,3.5,1.75,9.375,124.375,,141.11,103,28,
Arctic Foam,"10'3"" LB",T12,12,2.125,2.5,17.25,124.375,,141.11,103,28,
Arctic Foam,"10'3"" LB",C,62.188,0.0,4.125,25.375,124.375,,141.11,103,28,
Arctic Foam,"10'3"" LB",N12,112.375,2.625,2.625,21.125,124.375,,141.11,103,28,
Arctic Foam,"10'3"" LB",N3,121.375,,,15.125,124.375,,141.11,103,28,"width measured 3"" back from the nose tip (catalog ""@ 3"")"
Arctic Foam,"10'3"" LB",N0,124.375,5.0625,1.75,0.0,124.375,,141.11,103,28,"width 0: rounded nose, not printed in catalog"
Arctic Foam,"10'9"" LB",T0,0,3.6875,1.75,10.5,129.75,,154.11,109,29,
Arctic Foam,"10'9"" LB",T12,12,2.25,2.375,17.5,129.75,,154.11,109,29,
Arctic Foam,"10'9"" LB",C,64.875,0.0,4.375,25.625,129.75,,154.11,109,29,
Arctic Foam,"10'9"" LB",N12,117.75,2.25,2.5625,21.1875,129.75,,154.11,109,29,thickness: catalog cm (6.67 cm = 2.626 in) disagrees with inch (2 9/16”); used inch
Arctic Foam,"10'9"" LB",N3,126.75,,,15.1875,129.75,,154.11,109,29,"width measured 3"" back from the nose tip (catalog ""@ 3"")"
Arctic Foam,"10'9"" LB",N0,129.75,3.9375,1.9375,0.0,129.75,,154.11,109,29,"width 0: rounded nose, not printed in catalog"
Arctic Foam,"8'8"" G",T0,0,3.125,1.75,6.6875,105.875,,101.9,88G,30,
Arctic Foam,"8'8"" G",T12,12,1.6875,2.625,16.0,105.875,,101.9,88G,30,rocker: catalog cm (4.03 cm = 1.587 in) disagrees with inch (1 11/16”); used inch
Arctic Foam,"8'8"" G",C,52.938,0.0,3.875,23.875,105.875,,101.9,88G,30,
Arctic Foam,"8'8"" G",N12,93.875,3.0,2.625,15.0,105.875,,101.9,88G,30,
Arctic Foam,"8'8"" G",N0,105.875,6.625,1.75,4.375,105.875,,101.9,88G,30,
Arctic Foam,"9'4"" G",T0,0,3.125,1.366,5.012,112.25,,102.91,94G,31,rocker: catalog cm (8.38 cm = 3.299 in) disagrees with inch (3 1/8”); used inch
Arctic Foam,"9'4"" G",T12,12,1.75,2.375,13.625,112.25,,102.91,94G,31,width: catalog cm (29.86 cm = 11.756 in) disagrees with inch (13 5/8”); used inch; thickness: catalog cm (5.32 cm = 2.094 in) disagrees with inch (2 3/8”); used inch; rocker: catalog cm (5.88 cm = 2.315 in) disagrees with inch (1 3/4”); used inch
Arctic Foam,"9'4"" G",C,56.125,0.0,4.0,23.0,112.25,,102.91,94G,31,
Arctic Foam,"9'4"" G",N12,100.25,3.25,2.75,13.625,112.25,,102.91,94G,31,width: catalog cm (27.48 cm = 10.819 in) disagrees with inch (13 5/8”); used inch; thickness: catalog cm (6.28 cm = 2.472 in) disagrees with inch (2 3/4”); used inch; rocker: catalog cm (11.49 cm = 4.524 in) disagrees with inch (3 1/4”); used inch
Arctic Foam,"9'4"" G",N0,112.25,6.75,1.614,3.248,112.25,,102.91,94G,31,rocker: catalog cm (18.02 cm = 7.094 in) disagrees with inch (6 3/4”); used inch
Arctic Foam,"9'9"" G",T0,0,3.492,1.437,5.067,117.5,,114.04,99G,32,
Arctic Foam,"9'9"" G",T12,12,2.0625,2.5,13.875,117.5,,114.04,99G,32,width: catalog cm (29.5 cm = 11.614 in) disagrees with inch (13 7/8”); used inch; thickness: catalog cm (5.5 cm = 2.165 in) disagrees with inch (2 1/2”); used inch; rocker: catalog cm (6.34 cm = 2.496 in) disagrees with inch (2 1/16”); used inch
Arctic Foam,"9'9"" G",C,58.75,0.0,4.25,23.25,117.5,,114.04,99G,32,width: catalog cm (69.05) is a typo for 59.05 (matches inch and summary box); thickness: catalog cm (10.68 cm = 4.205 in) disagrees with inch (4 1/4”); used inch
Arctic Foam,"9'9"" G",N12,105.5,3.875,2.875,13.125,117.5,,114.04,99G,32,width: catalog cm (26.33 cm = 10.366 in) disagrees with inch (13 1/8”); used inch; thickness: catalog cm (6.47 cm = 2.547 in) disagrees with inch (2 7/8”); used inch; rocker: catalog cm (12.24 cm = 4.819 in) disagrees with inch (3  7/8”); used inch
Arctic Foam,"9'9"" G",N0,117.5,7.417,1.75,3.283,117.5,,114.04,99G,32,thickness: catalog cm (4.32 cm = 1.701 in) disagrees with inch (1 3/4”); used inch
Arctic Foam,"10'6"" G",T0,0,3.76,1.496,5.189,126.625,,130.91,106G,33,
Arctic Foam,"10'6"" G",T12,12,2.3125,2.5,13.6875,126.625,,130.91,106G,33,width: catalog cm (29.26 cm = 11.520 in) disagrees with inch (13 11/16”); used inch; thickness: catalog cm (5.59 cm = 2.201 in) disagrees with inch (2 1/2”); used inch; rocker: catalog cm (7.0 cm = 2.756 in) disagrees with inch (2 5/16”); used inch
Arctic Foam,"10'6"" G",C,63.312,0.0,4.378,23.748,126.625,,130.91,106G,33,
Arctic Foam,"10'6"" G",N12,114.625,4.4375,2.875,12.875,126.625,,130.91,106G,33,width: catalog cm (25.81 cm = 10.161 in) disagrees with inch (12 7/8”); used inch; thickness: catalog cm (6.61 cm = 2.602 in) disagrees with inch (2 7/8”); used inch; rocker: catalog cm (13.87 cm = 5.461 in) disagrees with inch (4 7/16”); used inch
Arctic Foam,"10'6"" G",N0,126.625,7.988,1.772,3.346,126.625,,130.91,106G,33,
